Pr,Sim end time,Time avg start,Num Sections,Max %diff,Nu cum avg,Re cum avg
0.1,2662.56,150.0,3.0,0.0029,4.516858,688.7097390663351
0.01,1184.76,299.88,3.0,0.1425,3.978697,4579.917610785629
0.001,6150.5013,4450.0208,3.0,0.5,2.626234,25721.33911393176
0.0001,10099.9922,8149.9964,3.0,0.7738,1.757192,151801.9373600695
1.0,7198.0,200.0,3.0,0.0,4.994322,82.84462450151617
0.3,7199.0,501.0,3.0,0.0,4.776552,252.89946745553266
0.03,10200.002,7500.042,3.0,0.0006,4.172337,1854.4623478929682
0.003,3699.9486,1500.0513,3.0,0.0296,3.322277,12053.275213282692
0.0003,8699.9862,6499.9983,3.0,0.7801,2.061625,60694.42502973467
