Pr,Sim end time,Time avg start,Num Sections,Max %diff,Nu cum avg,Re cum avg
0.1,4470.8,1500.2,3.0,0.4897,12.889246,8309.579954514227
0.01,5289.821,4000.049,3.0,1.4852,10.622742,52175.86469999181
0.001,7481.0515,6450.0041,3.0,1.0481,8.858437,390101.17529038247
1.0,8999.8,6800.0,3.0,0.1184,14.205923,998.4541012091586
0.3,12999.96,10000.02,3.0,0.4438,12.761843,3043.4584989142163
0.03,5799.94,3600.05,3.0,0.8156,11.612132,21831.83210508473
0.003,6478.07,5300.15,3.0,0.919,9.649993,152193.19609074586
