Pr,Sim end time,Time avg start,Num Sections,Max %diff,Nu cum avg,Re cum avg
0.1,13974.97,11100.04,3.0,0.0025,7.480178,2265.097092830229
0.01,15138.484,13600.04,3.0,0.7835,6.312763,16074.795440208965
0.001,18762.8322,15900.018,3.0,0.6742,4.643316,97105.57240396018
0.0001,22199.9918,20099.9991,3.0,0.5064,3.488469,631427.2127108084
1.0,3000.0,600.3,3.0,0.1333,7.594394,300.1487492519497
0.3,5025.0,2400.2,3.0,0.0188,7.785802,874.726869393831
0.03,13467.45,12700.0,3.0,0.5958,6.799985,6330.251579170721
0.003,16578.1888,15000.0099,3.0,0.3279,5.22438,39224.98843668819
0.0003,19826.4348,18300.0103,3.0,0.7004,4.107095,276823.3556899809
